traveler_id,poi_id,name,category,subcategory,rating,popularity,localness,preference_score,context_compatibility,final_score,confidence,budget_fit,mobility_fit,availability,interest_match,historical_category_affinity,explanation
U001,P0159,Busan Local Alley 3,neighborhood,local_alley,3.97,0.4738,0.5948,0.8815671422273662,0.8460640000000001,0.8702061367146091,0.9304000000000001,1.0,0.6288,1.0,1.0,0.40384615384615385,matches stated interests; consistent with past positive behavior; within budget; available for the trip context
U001,P0085,Busan Cafe 1,food,cafe,3.89,0.3817,0.43,0.8456066267709081,0.9153640000000001,0.8679289862042177,0.8456,1.0,0.8763,1.0,1.0,0.451923076923077,matches stated interests; consistent with past positive behavior; within budget; mobility-compatible
U001,P0096,Busan Restaurant 12,food,restaurant,4.27,0.2066,0.2108,0.8899634057762769,0.8147600000000002,0.8658983159278684,0.9392,1.0,0.517,1.0,1.0,0.451923076923077,matches stated interests; consistent with past positive behavior; within budget; available for the trip context
U001,P0091,Busan Cafe 7,food,cafe,4.57,0.2301,0.3316,0.8799877501661042,0.8101119999999999,0.8576275101129509,0.8688,1.0,0.5004,1.0,1.0,0.451923076923077,matches stated interests; consistent with past positive behavior; within budget; available for the trip context
U001,P0086,Busan Street Food 2,food,street_food,4.23,0.6597,0.6694,0.8233398755569681,0.8709,0.8385591153787384,1.0,1.0,0.7175,1.0,1.0,0.451923076923077,matches stated interests; consistent with past positive behavior; strong local / less-touristy fit; within budget
U001,P0162,Busan Local Alley 6,neighborhood,local_alley,3.88,0.1898,0.6181,0.7955716867855445,0.905816,0.8308498670141703,1.0,1.0,0.8422,1.0,1.0,0.40384615384615385,matches stated interests; consistent with past positive behavior; within budget; mobility-compatible
U001,P0166,Busan Village 10,neighborhood,village,4.89,0.1168,0.5696,0.7679731273908098,0.9433640000000001,0.8240982066257507,1.0,1.0,0.9763,1.0,1.0,0.40384615384615385,matches stated interests; consistent with past positive behavior; within budget; mobility-compatible
U001,P0092,Busan Market 8,food,market,4.31,0.9626,0.5516,0.8007842804194322,0.821536,0.807424830685214,0.8764000000000001,1.0,0.5412,1.0,1.0,0.451923076923077,matches stated interests; consistent with past positive behavior; within budget; available for the trip context
U001,P0088,Busan Restaurant 4,food,restaurant,4.34,0.4642,0.646,0.7990681677399218,0.8039240000000001,0.8006220340631469,0.9716,1.0,0.4783,1.0,1.0,0.451923076923077,matches stated interests; consistent with past positive behavior; within budget; available for the trip context
U001,P0090,Busan Street Food 6,food,street_food,4.36,0.1067,0.6708,0.7276991652836351,0.9349080000000001,0.794005992392872,0.9116000000000001,1.0,0.9461,1.0,1.0,0.451923076923077,matches stated interests; consistent with past positive behavior; strong local / less-touristy fit; within budget
U002,P0033,Seoul Craft 9,culture,craft,4.87,0.3206,0.3576,0.9015044447552611,0.891256,0.8982249424335776,1.0,1.0,0.7902,1.0,1.0,0.5833333333333334,matches stated interests; consistent with past positive behavior; within budget; mobility-compatible
U002,P0013,Seoul Heritage 1,history,heritage,4.18,0.7634,0.4362,0.8761155296692168,0.9214960000000001,0.8906372801750675,1.0,1.0,0.8982,1.0,1.0,0.2708333333333333,matches stated interests; consistent with past positive behavior; within budget; mobility-compatible
U002,P0031,Seoul Craft 7,culture,craft,4.18,0.6555,0.3747,0.8700155117790643,0.9220000000000002,0.8866505480097638,1.0,1.0,0.9,1.0,1.0,0.5833333333333334,matches stated interests; consistent with past positive behavior; within budget; mobility-compatible
U002,P0029,Seoul Gallery 5,culture,gallery,3.59,0.4654,0.4279,0.8542650126063416,0.9275720000000001,0.8777232485723123,0.8180000000000001,1.0,0.9199,1.0,1.0,0.5833333333333334,matches stated interests; consistent with past positive behavior; within budget; mobility-compatible
U002,P0034,Seoul Gallery 10,culture,gallery,3.67,0.478,0.3594,0.8770500684019034,0.8306359999999999,0.8621975665132943,0.8844000000000001,1.0,0.5737,1.0,1.0,0.5833333333333334,matches stated interests; consistent with past positive behavior; within budget; available for the trip context
U002,P0028,Seoul Craft 4,culture,craft,3.64,0.3135,0.5067,0.8298928530499458,0.838924,0.8327828200739631,1.0,1.0,0.6033,1.0,1.0,0.5833333333333334,matches stated interests; consistent with past positive behavior; within budget; available for the trip context
U002,P0017,Seoul Palace 5,history,palace,4.81,0.3647,0.3478,0.8591782950616828,0.77654,0.8327340406419443,0.8184,1.0,0.3805,1.0,1.0,0.2708333333333333,matches stated interests; consistent with past positive behavior; within budget; available for the trip context
U002,P0035,Seoul Craft 11,culture,craft,3.71,0.3643,0.4453,0.8173096099669093,0.846484,0.8266454147774984,0.8336,1.0,0.6303,1.0,1.0,0.5833333333333334,matches stated interests; consistent with past positive behavior; within budget; available for the trip context
U002,P0024,Seoul Monument 12,history,monument,3.91,0.4807,0.4899,0.7914992463940236,0.8744560000000001,0.8180454075479361,1.0,1.0,0.7302,1.0,1.0,0.2708333333333333,matches stated interests; consistent with past positive behavior; within budget; available for the trip context
U002,P0030,Seoul Performance 6,culture,performance,3.99,0.5969,0.611,0.7756145164677285,0.9015600000000001,0.8159170711980555,1.0,1.0,0.827,1.0,1.0,0.5833333333333334,matches stated interests; consistent with past positive behavior; within budget; mobility-compatible
U003,P0051,Seoul Aquarium 3,family,aquarium,4.75,0.5098,0.8325,0.918260085040009,0.8260000000000001,0.8887368578272061,1.0,0.7,0.9,1.0,1.0,0.5510204081632654,matches stated interests; consistent with past positive behavior; mobility-compatible; available for the trip context
U003,P0049,Seoul Aquarium 1,family,aquarium,3.97,0.2049,0.6934,0.8894660706613114,0.8260000000000001,0.8691569280496918,1.0,0.7,0.9,1.0,1.0,0.5510204081632654,matches stated interests; consistent with past positive behavior; mobility-compatible; available for the trip context
U003,P0045,Seoul Trail 9,nature,trail,4.79,0.2817,0.575,0.8608756055835316,0.88192,0.8676098117968016,0.8140000000000001,1.0,0.9,1.0,1.0,0.2653061224489796,matches stated interests; consistent with past positive behavior; within budget; mobility-compatible
U003,P0077,Seoul Local Alley 5,neighborhood,local_alley,4.79,0.6169,0.5656,0.7773805904758343,0.8665200000000002,0.8059052015235674,0.8136000000000001,1.0,0.9,1.0,0.0,0.09183673469387756,consistent with past positive behavior; within budget; mobility-compatible; available for the trip context
U003,P0041,Seoul Trail 5,nature,trail,4.41,0.3452,0.2531,0.7626099669416098,0.8948200000000002,0.8049171775202948,0.8600000000000001,1.0,0.9,1.0,1.0,0.2653061224489796,matches stated interests; consistent with past positive behavior; within budget; mobility-compatible
U003,P0048,Seoul River 12,nature,river,4.2,0.02,0.7835,0.7594754951987805,0.88226,0.7987665367351708,1.0,1.0,0.9,1.0,1.0,0.2653061224489796,matches stated interests; consistent with past positive behavior; within budget; mobility-compatible
U003,P0055,Seoul Zoo 7,family,zoo,3.86,0.2293,0.5634,0.7388455334903863,0.9220000000000002,0.7974549627734628,0.8164,1.0,0.9,1.0,1.0,0.5510204081632654,matches stated interests; consistent with past positive behavior; within budget; mobility-compatible
U003,P0082,Seoul Waterfront 10,neighborhood,waterfront,4.55,0.1334,0.5286,0.7595008300613488,0.82176,0.7794237644417172,0.8248000000000001,0.7,0.9,1.0,0.0,0.09183673469387756,consistent with past positive behavior; mobility-compatible; available for the trip context
U003,P0079,Seoul Walking Area 7,neighborhood,walking_area,3.58,0.1091,0.5132,0.7018667282621446,0.88296,0.7598165752182584,1.0,1.0,0.9,1.0,0.0,0.09183673469387756,consistent with past positive behavior; within budget; mobility-compatible; available for the trip context
U003,P0058,Seoul Science 10,family,science,3.72,0.3465,0.7259,0.7727613001966734,0.73,0.759077684133738,0.808,0.4,0.9,1.0,1.0,0.5510204081632654,matches stated interests; consistent with past positive behavior; mobility-compatible; available for the trip context
