feature,standardized_coefficient,abs_coefficient
interest_match,1.0740421616124987,1.0740421616124987
interest_x_history,0.45722935042452595,0.45722935042452595
preference_match,0.38554262933445416,0.38554262933445416
historical_category_affinity,-0.28871167227128786,0.28871167227128786
explicit_local_x_localness,0.2526785525279171,0.2526785525279171
history_local_similarity,0.21153606415988066,0.21153606415988066
budget_fit,0.18995754344800733,0.18995754344800733
history_popularity_similarity,-0.171952208422855,0.171952208422855
accessibility,0.08898986264236557,0.08898986264236557
family_fit,0.08693705333996729,0.08693705333996729
rating_norm,0.08469262452207177,0.08469262452207177
weekend_open,0.058356561612731034,0.058356561612731034
reservation_friction,-0.04977896394606077,0.04977896394606077
history_strength,-0.04690852628195382,0.04690852628195382
historical_tag_affinity,-0.03182988322100536,0.03182988322100536
mobility_fit,0.03018592295280546,0.03018592295280546
popularity,-0.028977920380769708,0.028977920380769708
long_tail,0.028977920380769216,0.028977920380769216
review_log_norm,-0.024152469297164435,0.024152469297164435
localness,0.023771437668090548,0.023771437668090548
explicit_famous_x_popularity,0.00669557425952012,0.00669557425952012
duration_fit,0.0,0.0