traveler_id,precision_at_k,recall_at_k,ndcg_at_k
U001,0.0,0.0,0.0
U002,0.2,0.5,0.21619186659920075
U003,0.0,0.0,0.05532757879901621
U007,0.1,0.5,0.18056566928083373
U008,0.1,0.5,0.33162865487001897
U009,0.2,1.0,0.517847383287805
U010,0.0,0.0,0.03654804872462455
U012,0.0,0.0,0.05755082572507259
U013,0.2,0.6666666666666666,0.34175141010035887
U015,0.0,0.0,0.0
U016,0.1,0.5,0.3516854448850307
U024,0.2,1.0,0.37912954752634337
U027,0.0,0.0,0.0
U028,0.0,0.0,0.05236315179179621
U031,0.1,0.5,0.2992977413570865
U032,0.0,0.0,0.0
U033,0.1,0.3333333333333333,0.15205964312260442
U034,0.3,0.75,0.35729445656659137
U035,0.1,0.5,0.47831465197550765
U036,0.2,1.0,0.5892217095151342
U040,0.1,0.3333333333333333,0.1892859029784497
U041,0.0,0.0,0.0
U043,0.1,0.5,0.22916639861359062
U044,0.0,0.0,0.0
U046,0.1,0.5,0.5936062903251247
U048,0.1,0.3333333333333333,0.3412444667857823
U049,0.0,0.0,0.0
U050,0.1,0.3333333333333333,0.11349081332154785
U052,0.0,0.0,0.0
U053,0.1,0.3333333333333333,0.16414508828344734
U054,0.1,0.5,0.24805795900990063
U057,0.1,0.5,0.13072617382469237
U060,0.1,0.5,0.1267823817778603
U062,0.0,0.0,0.01893343719514634
U065,0.1,0.3333333333333333,0.1526325185404473
U066,0.0,0.0,0.0
U068,0.2,0.6666666666666666,0.40991366108752564
U069,0.1,0.3333333333333333,0.18187272715036762
U072,0.0,0.0,0.02550113742312413
U073,0.1,0.5,0.1538136775065537
U074,0.0,0.0,0.0
U075,0.2,0.6666666666666666,0.3400084328538739
U078,0.1,0.3333333333333333,0.18655792663721665
U079,0.0,0.0,0.0
U081,0.1,0.3333333333333333,0.19063747733749525
U082,0.2,0.5,0.39182885365547093
U083,0.1,0.5,0.28462193903180294
U085,0.2,1.0,0.32831506970774776
U087,0.1,0.5,0.3734066316088825
U090,0.1,0.5,0.3190627996436657
