traveler_id,rank,interests,preferences,party_type,poi_id,name,category,preference_score,context_compatibility,final_score,explanation
U001,1,food|neighborhood,less_touristy|local,solo,P0164,Busan Waterfront 8,neighborhood,0.8405443725223256,0.896436,0.8545172793917443,matches stated interests; consistent with past high-intent behavior; strong local / less-touristy fit; within budget
U001,2,food|neighborhood,less_touristy|local,solo,P0163,Busan Walking Area 7,neighborhood,0.839804285313349,0.8689680000000002,0.8470952139850119,matches stated interests; consistent with past high-intent behavior; strong local / less-touristy fit; within budget
U001,3,food|neighborhood,less_touristy|local,solo,P0094,Busan Market 10,food,0.8254808710842334,0.850516,0.8317396533131751,matches stated interests; consistent with past high-intent behavior; strong local / less-touristy fit; within budget
U001,4,food|neighborhood,less_touristy|local,solo,P0087,Busan Restaurant 3,food,0.7710126556402767,0.7182,0.7578094917302075,matches stated interests; consistent with past high-intent behavior; strong local / less-touristy fit; available for the trip context
U001,5,food|neighborhood,less_touristy|local,solo,P0090,Busan Street Food 6,food,0.6411565530481728,0.9349080000000001,0.7145944147861296,matches stated interests; consistent with past high-intent behavior; strong local / less-touristy fit; within budget
U002,1,history|culture,famous|architecture,couple,P0013,Seoul Heritage 1,history,0.6059349157951427,0.9214960000000001,0.6848251868463571,matches stated interests; consistent with past high-intent behavior; within budget; mobility-compatible
U002,2,history|culture,famous|architecture,couple,P0033,Seoul Craft 9,culture,0.5503874039044782,0.891256,0.6356045529283587,matches stated interests; consistent with past high-intent behavior; within budget; mobility-compatible
U002,3,history|culture,famous|architecture,couple,P0023,Seoul Museum 11,history,0.5481109633401683,0.7843519999999999,0.6071712225051262,matches stated interests; consistent with past high-intent behavior; within budget; available for the trip context
U002,4,history|culture,famous|architecture,couple,P0018,Seoul Heritage 6,history,0.518182659880132,0.847968,0.600628994910099,matches stated interests; consistent with past high-intent behavior; within budget; available for the trip context
U002,5,history|culture,famous|architecture,couple,P0035,Seoul Craft 11,culture,0.513085640804275,0.846484,0.5964352306032062,matches stated interests; consistent with past high-intent behavior; within budget; available for the trip context
U003,1,family|nature,child_friendly|accessible,family,P0055,Seoul Zoo 7,family,0.6626615188976951,0.9220000000000002,0.7274961391732714,matches stated interests; consistent with past high-intent behavior; within budget; mobility-compatible
U003,2,family|nature,child_friendly|accessible,family,P0052,Seoul Aquarium 4,family,0.6575955201480688,0.9261600000000001,0.7247366401110515,matches stated interests; consistent with past high-intent behavior; within budget; mobility-compatible
U003,3,family|nature,child_friendly|accessible,family,P0045,Seoul Trail 9,nature,0.6465478731513808,0.88192,0.7053909048635356,matches stated interests; consistent with past high-intent behavior; within budget; mobility-compatible
U003,4,family|nature,child_friendly|accessible,family,P0048,Seoul River 12,nature,0.6425338509717735,0.88226,0.7024653882288301,matches stated interests; consistent with past high-intent behavior; within budget; mobility-compatible
U003,5,family|nature,child_friendly|accessible,family,P0059,Seoul Zoo 11,family,0.6722425965648995,0.73,0.6866819474236746,matches stated interests; consistent with past high-intent behavior; mobility-compatible; available for the trip context