traveler_id,poi_id,interaction,signal,timestamp
U001,P0163,save,0.6,2026-06-12T16:00:00
U001,P0164,view,0.15,2026-02-23T23:00:00
U001,P0094,navigate,0.75,2026-06-21T19:00:00
U001,P0161,navigate,0.75,2026-03-11T21:00:00
U001,P0090,view,0.15,2026-02-04T17:00:00
U001,P0087,save,0.6,2026-07-31T12:00:00
U001,P0162,view,0.15,2026-04-20T05:00:00
U001,P0160,click,0.3,2026-04-22T00:00:00
U001,P0095,dismiss,-0.7,2026-07-29T07:00:00
U001,P0157,dismiss,-0.7,2026-06-29T02:00:00
U001,P0092,click,0.3,2026-01-25T09:00:00
U001,P0165,navigate,0.75,2026-02-08T17:00:00
U001,P0109,view,0.15,2026-06-08T11:00:00
U001,P0096,booking,1.0,2026-02-21T15:00:00
U001,P0146,dismiss,-0.7,2026-03-28T06:00:00
U001,P0113,click,0.3,2026-06-01T15:00:00
U001,P0085,visit,0.9,2026-04-27T15:00:00
U001,P0115,dismiss,-0.7,2026-03-29T21:00:00
U001,P0120,click,0.3,2026-05-07T04:00:00
U001,P0124,dismiss,-0.7,2026-01-13T05:00:00
U002,P0031,visit,0.9,2026-05-06T07:00:00
U002,P0034,navigate,0.75,2026-03-30T21:00:00
U002,P0024,navigate,0.75,2026-08-01T22:00:00
U002,P0017,visit,0.9,2026-02-22T03:00:00
U002,P0013,navigate,0.75,2026-04-06T10:00:00
U002,P0026,view,0.15,2026-05-24T05:00:00
U002,P0018,click,0.3,2026-02-08T15:00:00
U002,P0030,booking,1.0,2026-08-03T10:00:00
U002,P0033,visit,0.9,2026-01-29T12:00:00
U002,P0029,visit,0.9,2026-01-14T13:00:00
U002,P0019,booking,1.0,2026-05-25T12:00:00
U002,P0028,view,0.15,2026-06-23T03:00:00
U002,P0025,save,0.6,2026-02-04T05:00:00
U002,P0023,booking,1.0,2026-08-24T14:00:00
U002,P0062,dismiss,-0.7,2026-03-08T05:00:00
U002,P0082,dismiss,-0.7,2026-04-10T08:00:00
U002,P0068,click,0.3,2026-05-02T14:00:00
U002,P0046,click,0.3,2026-04-06T11:00:00
U002,P0006,view,0.15,2026-03-25T21:00:00
U002,P0061,click,0.3,2026-04-10T13:00:00
U003,P0053,booking,1.0,2026-06-28T04:00:00
U003,P0059,click,0.3,2026-02-16T14:00:00
U003,P0050,view,0.15,2026-08-22T12:00:00
U003,P0049,navigate,0.75,2026-04-03T14:00:00
U003,P0055,view,0.15,2026-03-23T01:00:00
U003,P0057,view,0.15,2026-01-06T17:00:00
U003,P0054,dismiss,-0.7,2026-03-17T13:00:00
U003,P0048,click,0.3,2026-06-13T17:00:00
U003,P0052,view,0.15,2026-01-29T21:00:00
U003,P0056,click,0.3,2026-04-17T06:00:00
U003,P0046,dismiss,-0.7,2026-02-20T13:00:00
U003,P0051,visit,0.9,2026-02-11T20:00:00
U003,P0044,click,0.3,2026-03-30T04:00:00
U003,P0045,booking,1.0,2026-01-13T08:00:00
U003,P0071,dismiss,-0.7,2026-06-28T01:00:00
U003,P0034,click,0.3,2026-02-28T03:00:00
U003,P0073,click,0.3,2026-03-18T09:00:00
U003,P0084,view,0.15,2026-04-01T14:00:00
U003,P0067,view,0.15,2026-01-17T02:00:00
U003,P0060,save,0.6,2026-05-15T20:00:00
U004,P0119,visit,0.9,2026-03-24T03:00:00
U004,P0109,save,0.6,2026-01-19T22:00:00
U004,P0101,visit,0.9,2026-03-20T11:00:00
U004,P0117,view,0.15,2026-07-24T20:00:00
U004,P0116,save,0.6,2026-02-04T12:00:00
U004,P0097,view,0.15,2026-03-02T22:00:00
U004,P0107,view,0.15,2026-03-24T14:00:00
U004,P0099,visit,0.9,2026-03-09T05:00:00
U004,P0113,save,0.6,2026-03-27T06:00:00
U004,P0112,visit,0.9,2026-06-22T15:00:00
U004,P0100,view,0.15,2026-03-08T20:00:00
U004,P0110,save,0.6,2026-05-28T20:00:00
U004,P0106,booking,1.0,2026-03-13T09:00:00
U004,P0108,view,0.15,2026-06-30T17:00:00
U004,P0134,click,0.3,2026-02-18T11:00:00
U004,P0147,click,0.3,2026-05-08T15:00:00
U004,P0140,click,0.3,2026-08-06T07:00:00
U004,P0093,click,0.3,2026-03-20T10:00:00
U004,P0168,view,0.15,2026-07-16T09:00:00
U004,P0133,click,0.3,2026-07-23T03:00:00
U005,P0048,view,0.15,2026-05-28T12:00:00
U005,P0044,view,0.15,2026-06-05T10:00:00
U005,P0047,click,0.3,2026-06-03T16:00:00
U005,P0083,view,0.15,2026-01-26T18:00:00
U005,P0042,visit,0.9,2026-03-18T19:00:00
U005,P0076,dismiss,-0.7,2026-02-03T22:00:00
U005,P0079,navigate,0.75,2026-03-31T15:00:00
U005,P0046,navigate,0.75,2026-08-15T18:00:00
U005,P0078,click,0.3,2026-01-14T03:00:00
U005,P0073,view,0.15,2026-04-19T12:00:00
U005,P0080,dismiss,-0.7,2026-07-02T00:00:00
U005,P0077,save,0.6,2026-03-26T22:00:00
U005,P0037,dismiss,-0.7,2026-03-04T21:00:00
U005,P0074,click,0.3,2026-02-04T15:00:00
U005,P0082,dismiss,-0.7,2026-05-01T07:00:00
U005,P0049,click,0.3,2026-02-26T20:00:00
U005,P0033,view,0.15,2026-03-27T06:00:00
U005,P0041,view,0.15,2026-03-15T05:00:00
U005,P0022,view,0.15,2026-07-23T04:00:00
U005,P0013,dismiss,-0.7,2026-01-28T11:00:00
U006,P0011,navigate,0.75,2026-04-24T23:00:00
U006,P0066,navigate,0.75,2026-03-11T21:00:00
U006,P0071,dismiss,-0.7,2026-05-12T10:00:00
U006,P0061,navigate,0.75,2026-04-25T14:00:00
U006,P0064,click,0.3,2026-06-20T14:00:00
U006,P0006,view,0.15,2026-07-08T06:00:00
U006,P0067,save,0.6,2026-05-31T20:00:00
U006,P0012,click,0.3,2026-01-21T20:00:00
U006,P0005,booking,1.0,2026-01-17T15:00:00
U006,P0072,save,0.6,2026-05-11T15:00:00
U006,P0003,booking,1.0,2026-01-03T21:00:00
U006,P0004,navigate,0.75,2026-05-29T18:00:00
U006,P0002,navigate,0.75,2026-03-14T05:00:00
U006,P0063,save,0.6,2026-08-22T10:00:00
U006,P0023,dismiss,-0.7,2026-01-28T10:00:00
U006,P0009,visit,0.9,2026-01-26T17:00:00
U006,P0019,view,0.15,2026-05-16T04:00:00
U006,P0021,dismiss,-0.7,2026-06-01T18:00:00
U006,P0065,view,0.15,2026-05-30T19:00:00
U006,P0075,view,0.15,2026-07-17T01:00:00
U007,P0163,booking,1.0,2026-02-27T17:00:00
U007,P0164,booking,1.0,2026-07-09T07:00:00
U007,P0094,booking,1.0,2026-05-02T01:00:00
U007,P0087,booking,1.0,2026-08-17T09:00:00
U007,P0088,click,0.3,2026-02-25T00:00:00
U007,P0092,click,0.3,2026-07-02T07:00:00
U007,P0166,visit,0.9,2026-03-19T14:00:00
U007,P0091,visit,0.9,2026-04-29T10:00:00
U007,P0109,click,0.3,2026-06-13T01:00:00
U007,P0089,dismiss,-0.7,2026-06-28T08:00:00
U007,P0159,booking,1.0,2026-06-14T09:00:00
U007,P0147,booking,1.0,2026-05-28T15:00:00
U007,P0090,dismiss,-0.7,2026-07-15T19:00:00
U007,P0095,click,0.3,2026-02-28T23:00:00
U007,P0125,dismiss,-0.7,2026-03-29T00:00:00
U007,P0120,click,0.3,2026-05-12T08:00:00
U007,P0148,dismiss,-0.7,2026-04-02T23:00:00
U007,P0150,view,0.15,2026-04-22T03:00:00
U007,P0097,booking,1.0,2026-01-22T17:00:00
U007,P0114,click,0.3,2026-07-15T18:00:00
U008,P0013,booking,1.0,2026-03-09T04:00:00
U008,P0030,click,0.3,2026-04-29T18:00:00
U008,P0035,dismiss,-0.7,2026-04-29T09:00:00
U008,P0036,view,0.15,2026-04-25T03:00:00
U008,P0028,click,0.3,2026-01-21T02:00:00
U008,P0018,booking,1.0,2026-03-19T12:00:00
U008,P0026,dismiss,-0.7,2026-01-07T16:00:00
U008,P0031,visit,0.9,2026-02-04T20:00:00
U008,P0014,booking,1.0,2026-01-15T04:00:00
U008,P0027,visit,0.9,2026-06-18T03:00:00
U008,P0015,click,0.3,2026-04-22T06:00:00
U008,P0029,click,0.3,2026-02-02T14:00:00
U008,P0020,visit,0.9,2026-02-02T17:00:00
U008,P0024,booking,1.0,2026-05-13T12:00:00
U008,P0021,navigate,0.75,2026-03-05T13:00:00
U008,P0046,dismiss,-0.7,2026-07-31T18:00:00
U008,P0011,view,0.15,2026-03-12T12:00:00
U008,P0062,click,0.3,2026-02-03T17:00:00
U008,P0017,click,0.3,2026-05-15T11:00:00
U008,P0067,view,0.15,2026-06-25T19:00:00
U009,P0053,booking,1.0,2026-06-25T03:00:00
U009,P0057,view,0.15,2026-07-21T02:00:00
U009,P0046,booking,1.0,2026-06-24T02:00:00
U009,P0056,view,0.15,2026-02-11T10:00:00
U009,P0059,save,0.6,2026-03-04T02:00:00
U009,P0055,booking,1.0,2026-08-27T08:00:00
U009,P0050,click,0.3,2026-02-11T06:00:00
U009,P0054,visit,0.9,2026-04-13T09:00:00
U009,P0052,save,0.6,2026-06-30T18:00:00
U009,P0058,click,0.3,2026-05-07T11:00:00
U009,P0037,save,0.6,2026-05-18T02:00:00
U009,P0051,save,0.6,2026-05-01T17:00:00
U009,P0060,save,0.6,2026-01-14T20:00:00
U009,P0042,click,0.3,2026-01-07T08:00:00
U009,P0038,view,0.15,2026-06-08T13:00:00
U009,P0005,view,0.15,2026-08-01T17:00:00
U009,P0009,dismiss,-0.7,2026-03-09T03:00:00
U009,P0075,click,0.3,2026-03-21T22:00:00
U009,P0034,click,0.3,2026-07-10T05:00:00
U009,P0043,navigate,0.75,2026-02-02T08:00:00
U010,P0119,click,0.3,2026-05-17T06:00:00
U010,P0106,booking,1.0,2026-06-03T14:00:00
U010,P0116,booking,1.0,2026-03-24T00:00:00
U010,P0101,click,0.3,2026-04-05T10:00:00
U010,P0109,visit,0.9,2026-04-13T18:00:00
U010,P0117,dismiss,-0.7,2026-05-07T16:00:00
U010,P0099,booking,1.0,2026-03-31T23:00:00
U010,P0108,save,0.6,2026-08-22T12:00:00
U010,P0113,dismiss,-0.7,2026-06-08T16:00:00
U010,P0107,view,0.15,2026-01-06T17:00:00
U010,P0112,visit,0.9,2026-05-30T18:00:00
U010,P0120,dismiss,-0.7,2026-02-21T03:00:00
U010,P0105,navigate,0.75,2026-04-27T18:00:00
U010,P0097,view,0.15,2026-04-24T18:00:00
U010,P0163,dismiss,-0.7,2026-04-21T23:00:00
U010,P0090,click,0.3,2026-04-12T11:00:00
U010,P0114,save,0.6,2026-02-14T06:00:00
U010,P0110,view,0.15,2026-04-04T09:00:00
U010,P0091,click,0.3,2026-01-08T03:00:00
U010,P0151,dismiss,-0.7,2026-04-28T17:00:00
U011,P0081,navigate,0.75,2026-03-23T17:00:00
U011,P0047,view,0.15,2026-06-16T10:00:00
U011,P0044,booking,1.0,2026-01-09T17:00:00
U011,P0083,click,0.3,2026-07-23T00:00:00
U011,P0073,booking,1.0,2026-02-03T16:00:00
U011,P0046,view,0.15,2026-05-08T08:00:00
U011,P0048,visit,0.9,2026-06-04T14:00:00
U011,P0037,click,0.3,2026-04-01T17:00:00
U011,P0079,booking,1.0,2026-05-27T14:00:00
U011,P0042,booking,1.0,2026-07-23T17:00:00
U011,P0074,navigate,0.75,2026-01-17T05:00:00
U011,P0078,view,0.15,2026-08-18T06:00:00
U011,P0045,navigate,0.75,2026-07-22T17:00:00
U011,P0077,click,0.3,2026-04-13T13:00:00
U011,P0001,dismiss,-0.7,2026-05-21T17:00:00
U011,P0069,click,0.3,2026-08-06T02:00:00
U011,P0019,click,0.3,2026-04-09T06:00:00
U011,P0061,click,0.3,2026-08-18T10:00:00
U011,P0021,click,0.3,2026-06-27T16:00:00
U011,P0059,dismiss,-0.7,2026-08-09T02:00:00
U012,P0011,navigate,0.75,2026-04-23T00:00:00
U012,P0005,visit,0.9,2026-01-28T07:00:00
U012,P0066,booking,1.0,2026-04-28T10:00:00
U012,P0071,click,0.3,2026-08-25T17:00:00
U012,P0006,view,0.15,2026-06-23T19:00:00
U012,P0002,navigate,0.75,2026-08-10T05:00:00
U012,P0072,click,0.3,2026-06-21T16:00:00
U012,P0012,click,0.3,2026-04-08T20:00:00
U012,P0061,booking,1.0,2026-06-26T14:00:00
U012,P0067,click,0.3,2026-07-11T09:00:00
U012,P0064,visit,0.9,2026-08-27T16:00:00
U012,P0001,navigate,0.75,2026-01-02T01:00:00
U012,P0004,view,0.15,2026-04-12T11:00:00
U012,P0062,click,0.3,2026-06-16T18:00:00
U012,P0075,click,0.3,2026-07-28T19:00:00
U012,P0024,click,0.3,2026-06-26T21:00:00
U012,P0076,view,0.15,2026-06-08T11:00:00
U012,P0031,view,0.15,2026-03-29T06:00:00
U012,P0052,view,0.15,2026-07-23T13:00:00
U012,P0026,view,0.15,2026-01-22T00:00:00
U013,P0163,booking,1.0,2026-03-20T12:00:00
U013,P0164,visit,0.9,2026-06-16T09:00:00
U013,P0094,save,0.6,2026-08-25T23:00:00
U013,P0147,visit,0.9,2026-02-28T21:00:00
U013,P0119,click,0.3,2026-01-20T09:00:00
U013,P0091,booking,1.0,2026-01-28T23:00:00
U013,P0107,click,0.3,2026-07-17T17:00:00
U013,P0087,navigate,0.75,2026-07-27T02:00:00
U013,P0095,click,0.3,2026-03-15T00:00:00
U013,P0166,dismiss,-0.7,2026-03-03T10:00:00
U013,P0109,navigate,0.75,2026-02-13T23:00:00
U013,P0160,click,0.3,2026-04-09T04:00:00
U013,P0138,booking,1.0,2026-01-04T06:00:00
U013,P0085,dismiss,-0.7,2026-03-07T05:00:00
U013,P0114,view,0.15,2026-05-29T00:00:00
U013,P0136,click,0.3,2026-06-04T12:00:00
U013,P0143,click,0.3,2026-04-01T16:00:00
U013,P0097,dismiss,-0.7,2026-01-15T15:00:00
U013,P0155,click,0.3,2026-02-23T19:00:00
U013,P0161,click,0.3,2026-01-30T22:00:00
U014,P0033,view,0.15,2026-06-30T01:00:00
U014,P0030,dismiss,-0.7,2026-05-11T13:00:00
U014,P0013,view,0.15,2026-07-11T11:00:00
U014,P0014,view,0.15,2026-02-03T00:00:00
U014,P0031,click,0.3,2026-07-10T09:00:00
U014,P0032,click,0.3,2026-02-02T08:00:00
U014,P0036,visit,0.9,2026-01-03T23:00:00
U014,P0029,view,0.15,2026-03-30T14:00:00
U014,P0028,visit,0.9,2026-04-20T02:00:00
U014,P0021,visit,0.9,2026-04-15T06:00:00
U014,P0034,dismiss,-0.7,2026-08-07T11:00:00
U014,P0015,save,0.6,2026-03-28T19:00:00
U014,P0024,view,0.15,2026-04-10T21:00:00
U014,P0035,click,0.3,2026-03-05T14:00:00
U014,P0025,click,0.3,2026-06-12T15:00:00
U014,P0054,view,0.15,2026-01-06T19:00:00
U014,P0026,dismiss,-0.7,2026-07-16T06:00:00
U014,P0081,dismiss,-0.7,2026-01-22T13:00:00
U014,P0075,click,0.3,2026-08-23T01:00:00
U014,P0072,dismiss,-0.7,2026-07-19T09:00:00
U015,P0053,navigate,0.75,2026-05-07T16:00:00
U015,P0052,click,0.3,2026-04-16T02:00:00
U015,P0050,save,0.6,2026-04-11T12:00:00
U015,P0059,booking,1.0,2026-03-20T17:00:00
U015,P0046,visit,0.9,2026-08-21T01:00:00
U015,P0055,save,0.6,2026-04-06T02:00:00
U015,P0042,click,0.3,2026-06-25T22:00:00
U015,P0057,visit,0.9,2026-03-05T19:00:00
U015,P0048,navigate,0.75,2026-03-08T14:00:00
U015,P0049,booking,1.0,2026-01-16T18:00:00
U015,P0047,click,0.3,2026-01-25T02:00:00
U015,P0056,dismiss,-0.7,2026-01-04T20:00:00
U015,P0045,dismiss,-0.7,2026-04-09T08:00:00
U015,P0058,visit,0.9,2026-06-16T20:00:00
U015,P0072,view,0.15,2026-06-05T19:00:00
U015,P0031,click,0.3,2026-07-14T19:00:00
U015,P0039,booking,1.0,2026-04-15T17:00:00
U015,P0080,dismiss,-0.7,2026-06-09T10:00:00
U015,P0083,click,0.3,2026-07-14T21:00:00
