poi_id,destination,name,category,subcategory,latitude,longitude,description,tags,price_level,rating,review_count,popularity,localness,family_friendly,transit_score,accessibility_score,expected_duration_min,reservation_required,open_weekend
P0001,Seoul,Seoul Market 1,food,market,37.595777,126.998099,A market experience in Seoul with food focus.,accessible|food|market,4,3.5,2244,0.1383,0.1951,0.2149,0.426,0.9147,60,False,True
P0002,Seoul,Seoul Restaurant 2,food,restaurant,37.548918,126.95213,A restaurant experience in Seoul with food focus.,food|less_touristy|local|restaurant,4,3.83,980,0.5206,0.6957,0.2236,0.694,0.6675,75,False,True
P0003,Seoul,Seoul Restaurant 3,food,restaurant,37.530094,126.958032,A restaurant experience in Seoul with food focus.,accessible|food|restaurant,3,3.49,99,0.0555,0.6601,0.6876,0.7315,0.9433,180,False,True
P0004,Seoul,Seoul Street Food 4,food,street_food,37.612717,126.882997,A street food experience in Seoul with food focus.,food|public_transport|street_food,2,3.8,5032,0.3072,0.3693,0.4963,0.8159,0.7068,120,True,True
P0005,Seoul,Seoul Restaurant 5,food,restaurant,37.583743,127.024097,A restaurant experience in Seoul with food focus.,food|less_touristy|local|restaurant,2,4.28,52,0.2548,0.8435,0.4189,0.4946,0.7769,75,False,True
P0006,Seoul,Seoul Cafe 6,food,cafe,37.683566,126.932824,A cafe experience in Seoul with food focus.,accessible|cafe|food|less_touristy|local|public_transport,1,4.39,1264,0.0432,0.7309,0.2235,0.7864,0.9483,60,True,True
P0007,Seoul,Seoul Street Food 7,food,street_food,37.545425,127.058379,A street food experience in Seoul with food focus.,food|public_transport|street_food,4,3.96,34,0.2968,0.2855,0.5023,0.9178,0.69,150,False,True
P0008,Seoul,Seoul Restaurant 8,food,restaurant,37.528223,126.965688,A restaurant experience in Seoul with food focus.,child_friendly|family|food|restaurant,1,4.51,42,0.319,0.2155,0.9114,0.4139,0.77,150,False,True
P0009,Seoul,Seoul Restaurant 9,food,restaurant,37.683609,126.907192,A restaurant experience in Seoul with food focus.,accessible|famous|food|landmark|restaurant,3,4.31,2821,0.8679,0.5425,0.1599,0.3868,0.9735,150,False,True
P0010,Seoul,Seoul Restaurant 10,food,restaurant,37.583907,126.972649,A restaurant experience in Seoul with food focus.,food|restaurant,1,3.48,582,0.1282,0.0759,0.3739,0.7332,0.7256,60,False,True
P0011,Seoul,Seoul Market 11,food,market,37.546045,126.88138,A market experience in Seoul with food focus.,food|less_touristy|local|market|public_transport,1,4.57,43,0.2616,0.8515,0.4272,0.9941,0.4553,150,False,True
P0012,Seoul,Seoul Restaurant 12,food,restaurant,37.607798,127.078136,A restaurant experience in Seoul with food focus.,food|less_touristy|local|restaurant,3,4.35,103,0.5053,0.8649,0.4401,0.6618,0.6689,90,True,True
P0013,Seoul,Seoul Heritage 1,history,heritage,37.58676,127.024562,A heritage experience in Seoul with history focus.,famous|heritage|history|landmark|public_transport,1,4.18,1560,0.7634,0.4362,0.6448,0.8982,0.4704,180,False,True
P0014,Seoul,Seoul Monument 2,history,monument,37.456306,127.066234,A monument experience in Seoul with history focus.,accessible|history|monument,2,4.12,171,0.593,0.2559,0.308,0.6893,0.8222,150,False,True
P0015,Seoul,Seoul Palace 3,history,palace,37.551879,126.971535,A palace experience in Seoul with history focus.,accessible|history|less_touristy|local|palace,3,3.54,3334,0.0539,0.8573,0.6448,0.5271,0.8715,180,False,True
P0016,Seoul,Seoul Palace 4,history,palace,37.588106,126.92077,A palace experience in Seoul with history focus.,history|less_touristy|local|palace,3,4.68,48,0.02,0.8686,0.3241,0.5003,0.6002,120,False,True
P0017,Seoul,Seoul Palace 5,history,palace,37.519989,126.996319,A palace experience in Seoul with history focus.,history|palace,1,4.81,46,0.3647,0.3478,0.3969,0.3805,0.4391,90,False,True
P0018,Seoul,Seoul Heritage 6,history,heritage,37.563377,126.968628,A heritage experience in Seoul with history focus.,child_friendly|family|heritage|history|less_touristy|local,1,4.22,234,0.0377,0.6945,0.8883,0.6356,0.5986,150,False,True
P0019,Seoul,Seoul Museum 7,history,museum,37.571971,126.973264,A museum experience in Seoul with history focus.,history|museum|public_transport,4,3.58,160,0.3756,0.4843,0.7152,0.9236,0.2694,90,False,True
P0020,Seoul,Seoul Monument 8,history,monument,37.523239,126.885244,A monument experience in Seoul with history focus.,history|monument,4,3.67,3532,0.7307,0.5412,0.4903,0.6202,0.7985,60,False,True
P0021,Seoul,Seoul Monument 9,history,monument,37.607168,126.969219,A monument experience in Seoul with history focus.,accessible|history|monument,4,3.91,344,0.3089,0.6207,0.5158,0.4652,0.8273,150,False,True
P0022,Seoul,Seoul Heritage 10,history,heritage,37.666671,126.887153,A heritage experience in Seoul with history focus.,accessible|heritage|history,2,3.57,1304,0.534,0.366,0.0953,0.43,0.9142,180,False,True
P0023,Seoul,Seoul Museum 11,history,museum,37.542264,126.979766,A museum experience in Seoul with history focus.,history|museum,1,4.41,1169,0.0787,0.3132,0.2844,0.4084,0.6521,120,False,True
P0024,Seoul,Seoul Monument 12,history,monument,37.471313,126.987041,A monument experience in Seoul with history focus.,child_friendly|family|history|monument,3,3.91,1198,0.4807,0.4899,0.7982,0.7302,0.6924,45,False,True
P0025,Seoul,Seoul Craft 1,culture,craft,37.585714,127.109043,A craft experience in Seoul with culture focus.,child_friendly|craft|culture|family,4,3.89,3571,0.6619,0.5388,0.9269,0.1529,0.5726,75,False,True
P0026,Seoul,Seoul Performance 2,culture,performance,37.627713,126.964522,A performance experience in Seoul with culture focus.,accessible|culture|performance|public_transport,4,3.45,4769,0.5996,0.6314,0.4952,0.9753,0.8858,90,False,True
P0027,Seoul,Seoul Temple 3,culture,temple,37.503791,126.916426,A temple experience in Seoul with culture focus.,culture|less_touristy|local|temple,1,4.66,88,0.3835,0.7196,0.6245,0.4558,0.3532,60,False,True
P0028,Seoul,Seoul Craft 4,culture,craft,37.628983,126.927353,A craft experience in Seoul with culture focus.,craft|culture,3,3.64,1643,0.3135,0.5067,0.0899,0.6033,0.5089,120,False,True
P0029,Seoul,Seoul Gallery 5,culture,gallery,37.615682,126.978629,A gallery experience in Seoul with culture focus.,accessible|child_friendly|culture|family|gallery|public_transport,2,3.59,45,0.4654,0.4279,0.7803,0.9199,0.8185,120,True,True
P0030,Seoul,Seoul Performance 6,culture,performance,37.555385,126.946216,A performance experience in Seoul with culture focus.,culture|performance|public_transport,1,3.99,954,0.5969,0.611,0.5951,0.827,0.7987,90,False,True
P0031,Seoul,Seoul Craft 7,culture,craft,37.548556,127.056512,A craft experience in Seoul with culture focus.,craft|culture|public_transport,3,4.18,1375,0.6555,0.3747,0.6705,0.9,0.2896,120,False,True
P0032,Seoul,Seoul Performance 8,culture,performance,37.571119,126.939857,A performance experience in Seoul with culture focus.,child_friendly|culture|family|performance,2,3.6,50,0.6645,0.5061,0.917,0.6115,0.4638,75,False,True
P0033,Seoul,Seoul Craft 9,culture,craft,37.535825,126.955539,A craft experience in Seoul with culture focus.,craft|culture|public_transport,1,4.87,4589,0.3206,0.3576,0.119,0.7902,0.6366,120,False,True
P0034,Seoul,Seoul Gallery 10,culture,gallery,37.595618,127.052989,A gallery experience in Seoul with culture focus.,accessible|culture|gallery,1,3.67,211,0.478,0.3594,0.2784,0.5737,0.9672,150,False,True
P0035,Seoul,Seoul Craft 11,culture,craft,37.546937,126.996471,A craft experience in Seoul with culture focus.,craft|culture,1,3.71,84,0.3643,0.4453,0.4526,0.6303,0.7673,180,False,True
P0036,Seoul,Seoul Gallery 12,culture,gallery,37.627257,126.955321,A gallery experience in Seoul with culture focus.,accessible|culture|gallery|less_touristy|local,4,4.09,41,0.3217,0.8172,0.55,0.5924,0.9167,45,False,True
P0037,Seoul,Seoul River 1,nature,river,37.543704,127.012865,A river experience in Seoul with nature focus.,less_touristy|local|nature|river,3,4.51,199,0.4187,0.8733,0.4529,0.744,0.3514,180,False,True
P0038,Seoul,Seoul River 2,nature,river,37.624004,127.04332,A river experience in Seoul with nature focus.,famous|landmark|nature|public_transport|river,2,4.77,63,0.7594,0.4102,0.629,0.8088,0.7663,120,False,True
P0039,Seoul,Seoul River 3,nature,river,37.589114,126.984509,A river experience in Seoul with nature focus.,nature|river,2,4.66,5298,0.4376,0.5405,0.2064,0.2655,0.7034,45,False,True
P0040,Seoul,Seoul River 4,nature,river,37.572572,126.955542,A river experience in Seoul with nature focus.,accessible|nature|river,4,4.03,685,0.6035,0.3696,0.5972,0.5381,0.8891,60,False,True
P0041,Seoul,Seoul Trail 5,nature,trail,37.503126,126.964776,A trail experience in Seoul with nature focus.,nature|trail,1,4.41,150,0.3452,0.2531,0.6141,0.2302,0.7279,75,False,True
P0042,Seoul,Seoul Garden 6,nature,garden,37.566709,127.072534,A garden experience in Seoul with nature focus.,accessible|garden|nature,2,4.21,2139,0.3734,0.3582,0.3777,0.6272,0.8795,150,False,True
P0043,Seoul,Seoul Trail 7,nature,trail,37.665596,126.955354,A trail experience in Seoul with nature focus.,nature|public_transport|trail,2,4.71,59,0.3178,0.1292,0.4838,0.9078,0.7729,120,False,True
P0044,Seoul,Seoul Park 8,nature,park,37.672859,127.085827,A park experience in Seoul with nature focus.,less_touristy|local|nature|park,1,4.74,797,0.4525,0.8665,0.4516,0.494,0.6844,60,False,False
P0045,Seoul,Seoul Trail 9,nature,trail,37.589104,127.021041,A trail experience in Seoul with nature focus.,accessible|nature|trail,1,4.79,35,0.2817,0.575,0.5496,0.6618,0.8167,150,False,True
P0046,Seoul,Seoul Park 10,nature,park,37.467077,126.968564,A park experience in Seoul with nature focus.,child_friendly|family|nature|park,1,3.55,2796,0.5928,0.2408,0.8291,0.6392,0.7303,60,False,True
P0047,Seoul,Seoul Garden 11,nature,garden,37.567785,126.945014,A garden experience in Seoul with nature focus.,garden|less_touristy|local|nature,2,4.64,3968,0.1431,0.8085,0.6045,0.504,0.7899,60,False,True
P0048,Seoul,Seoul River 12,nature,river,37.426461,127.011785,A river experience in Seoul with nature focus.,accessible|less_touristy|local|nature|river,1,4.2,4925,0.02,0.7835,0.5513,0.6984,0.8494,90,False,True
P0049,Seoul,Seoul Aquarium 1,family,aquarium,37.507388,127.02621,A aquarium experience in Seoul with family focus.,aquarium|child_friendly|family|less_touristy|local|public_transport,2,3.97,681,0.2049,0.6934,0.75,0.9606,0.6331,45,False,True
P0050,Seoul,Seoul Science 2,family,science,37.538609,126.955431,A science experience in Seoul with family focus.,accessible|child_friendly|family|science,3,3.47,4162,0.5471,0.2949,0.75,0.3197,0.9401,180,False,True
P0051,Seoul,Seoul Aquarium 3,family,aquarium,37.506739,126.996502,A aquarium experience in Seoul with family focus.,aquarium|child_friendly|family|less_touristy|local,2,4.75,5108,0.5098,0.8325,0.75,0.1486,0.5834,90,False,True
P0052,Seoul,Seoul Aquarium 4,family,aquarium,37.641735,126.931131,A aquarium experience in Seoul with family focus.,aquarium|child_friendly|family|public_transport,1,4.77,428,0.2277,0.1659,0.7708,0.757,0.7531,90,False,True
P0053,Seoul,Seoul Zoo 5,family,zoo,37.490012,127.057129,A zoo experience in Seoul with family focus.,accessible|child_friendly|family|public_transport|zoo,1,4.15,387,0.1701,0.6779,0.75,0.8636,0.906,45,False,False
P0054,Seoul,Seoul Aquarium 6,family,aquarium,37.469281,126.984022,A aquarium experience in Seoul with family focus.,aquarium|child_friendly|family,4,4.84,165,0.3592,0.197,0.75,0.7267,0.6603,120,False,True
P0055,Seoul,Seoul Zoo 7,family,zoo,37.501519,126.946854,A zoo experience in Seoul with family focus.,child_friendly|family|public_transport|zoo,1,3.86,41,0.2293,0.5634,0.75,0.7671,0.7372,120,False,True
P0056,Seoul,Seoul Aquarium 8,family,aquarium,37.632419,126.968629,A aquarium experience in Seoul with family focus.,aquarium|child_friendly|family,2,4.36,2812,0.4846,0.3479,0.75,0.5154,0.2822,90,False,True
P0057,Seoul,Seoul Aquarium 9,family,aquarium,37.526426,127.020434,A aquarium experience in Seoul with family focus.,aquarium|child_friendly|family,2,4.24,108,0.2531,0.5753,0.75,0.5387,0.7289,60,False,True
P0058,Seoul,Seoul Science 10,family,science,37.527831,126.971435,A science experience in Seoul with family focus.,child_friendly|family|less_touristy|local|science,3,3.72,20,0.3465,0.7259,0.75,0.7357,0.6321,150,False,True
P0059,Seoul,Seoul Zoo 11,family,zoo,37.552619,126.975658,A zoo experience in Seoul with family focus.,accessible|child_friendly|family|public_transport|zoo,3,4.1,62,0.112,0.1748,0.75,0.7875,0.8476,60,False,True
P0060,Seoul,Seoul Science 12,family,science,37.566956,126.966792,A science experience in Seoul with family focus.,child_friendly|family|science,4,3.86,682,0.0904,0.4462,0.75,0.6436,0.5628,180,False,True
P0061,Seoul,Seoul Souvenir 1,shopping,souvenir,37.528208,126.990318,A souvenir experience in Seoul with shopping focus.,less_touristy|local|public_transport|shopping|souvenir,3,4.59,4793,0.0922,0.6986,0.5693,0.8813,0.7967,45,False,True
P0062,Seoul,Seoul Design Store 2,shopping,design_store,37.557961,126.901993,A design store experience in Seoul with shopping focus.,accessible|design_store|shopping,3,3.48,145,0.0539,0.6708,0.1314,0.628,0.8571,90,True,True
P0063,Seoul,Seoul Local Market 3,shopping,local_market,37.599846,126.904389,A local market experience in Seoul with shopping focus.,accessible|child_friendly|family|local_market|public_transport|shopping,3,4.73,2050,0.7282,0.4848,0.9124,0.8987,0.8292,45,False,True
P0064,Seoul,Seoul Mall 4,shopping,mall,37.523894,126.946265,A mall experience in Seoul with shopping focus.,famous|landmark|less_touristy|local|mall|shopping,1,3.65,1880,0.7563,0.7956,0.5318,0.4312,0.7709,90,False,True
P0065,Seoul,Seoul Souvenir 5,shopping,souvenir,37.570461,126.906756,A souvenir experience in Seoul with shopping focus.,child_friendly|family|shopping|souvenir,4,4.07,206,0.1304,0.5985,0.8834,0.3552,0.6574,90,False,True
P0066,Seoul,Seoul Local Market 6,shopping,local_market,37.535509,126.953634,A local market experience in Seoul with shopping focus.,accessible|child_friendly|family|less_touristy|local|local_market|public_transport|shopping,2,3.54,20,0.2265,0.7182,0.7215,0.9642,0.9712,60,False,True
P0067,Seoul,Seoul Mall 7,shopping,mall,37.6076,126.981158,A mall experience in Seoul with shopping focus.,accessible|famous|landmark|less_touristy|local|mall|shopping,3,4.8,63,0.7985,0.6805,0.5928,0.3704,0.8322,75,False,True
P0068,Seoul,Seoul Design Store 8,shopping,design_store,37.623906,126.999636,A design store experience in Seoul with shopping focus.,design_store|shopping,1,3.87,54,0.2264,0.2211,0.2484,0.5838,0.4658,45,False,False
P0069,Seoul,Seoul Design Store 9,shopping,design_store,37.58117,126.919504,A design store experience in Seoul with shopping focus.,accessible|design_store|shopping,3,3.85,304,0.472,0.4075,0.2868,0.1794,0.8345,150,True,True
P0070,Seoul,Seoul Mall 10,shopping,mall,37.596852,126.817556,A mall experience in Seoul with shopping focus.,mall|public_transport|shopping,3,4.79,4561,0.6906,0.4657,0.3058,0.771,0.3156,45,False,True
P0071,Seoul,Seoul Local Market 11,shopping,local_market,37.498965,126.85808,A local market experience in Seoul with shopping focus.,accessible|less_touristy|local|local_market|public_transport|shopping,3,4.5,68,0.399,0.9012,0.4527,0.8015,0.838,180,False,True
P0072,Seoul,Seoul Souvenir 12,shopping,souvenir,37.61031,126.965029,A souvenir experience in Seoul with shopping focus.,accessible|shopping|souvenir,2,4.13,44,0.1822,0.6153,0.1188,0.5482,0.834,180,False,True
P0073,Seoul,Seoul Local Alley 1,neighborhood,local_alley,37.561465,126.948805,A local alley experience in Seoul with neighborhood focus.,less_touristy|local|local_alley|neighborhood,2,4.03,35,0.02,0.812,0.5263,0.5761,0.5309,45,False,True
P0074,Seoul,Seoul Waterfront 2,neighborhood,waterfront,37.493159,126.89705,A waterfront experience in Seoul with neighborhood focus.,accessible|less_touristy|local|neighborhood|waterfront,4,4.16,33,0.2675,0.8782,0.1879,0.7442,0.8538,60,False,True
P0075,Seoul,Seoul Walking Area 3,neighborhood,walking_area,37.630242,127.135159,A walking area experience in Seoul with neighborhood focus.,neighborhood|walking_area,2,4.1,157,0.3273,0.0749,0.459,0.7378,0.6096,45,True,True
P0076,Seoul,Seoul Waterfront 4,neighborhood,waterfront,37.44792,126.927668,A waterfront experience in Seoul with neighborhood focus.,less_touristy|local|neighborhood|public_transport|waterfront,2,3.56,78,0.5312,0.6854,0.6115,0.7574,0.7132,45,False,True
P0077,Seoul,Seoul Local Alley 5,neighborhood,local_alley,37.643549,126.920399,A local alley experience in Seoul with neighborhood focus.,local_alley|neighborhood|public_transport,1,4.79,34,0.6169,0.5656,0.4726,0.8334,0.6547,180,False,True
P0078,Seoul,Seoul Waterfront 6,neighborhood,waterfront,37.584325,126.934066,A waterfront experience in Seoul with neighborhood focus.,accessible|neighborhood|waterfront,2,3.63,148,0.4728,0.3048,0.4715,0.3966,0.8819,90,False,True
P0079,Seoul,Seoul Walking Area 7,neighborhood,walking_area,37.514583,127.049564,A walking area experience in Seoul with neighborhood focus.,neighborhood|public_transport|walking_area,1,3.58,4190,0.1091,0.5132,0.5548,0.8715,0.658,60,False,True
P0080,Seoul,Seoul Waterfront 8,neighborhood,waterfront,37.606435,126.926791,A waterfront experience in Seoul with neighborhood focus.,accessible|neighborhood|waterfront,3,3.54,4507,0.4336,0.4273,0.2367,0.3865,0.8161,120,False,True
P0081,Seoul,Seoul Local Alley 9,neighborhood,local_alley,37.530791,126.896294,A local alley experience in Seoul with neighborhood focus.,less_touristy|local|local_alley|neighborhood|public_transport,2,4.04,1073,0.5338,0.8907,0.36,0.9118,0.5648,90,False,True
P0082,Seoul,Seoul Waterfront 10,neighborhood,waterfront,37.532371,126.890981,A waterfront experience in Seoul with neighborhood focus.,child_friendly|family|neighborhood|public_transport|waterfront,2,4.55,62,0.1334,0.5286,0.7288,0.7974,0.7148,180,False,True
P0083,Seoul,Seoul Village 11,neighborhood,village,37.616462,126.984978,A village experience in Seoul with neighborhood focus.,less_touristy|local|neighborhood|village,1,3.93,103,0.3512,0.7325,0.379,0.7398,0.2157,60,True,True
P0084,Seoul,Seoul Walking Area 12,neighborhood,walking_area,37.414553,126.954092,A walking area experience in Seoul with neighborhood focus.,accessible|neighborhood|public_transport|walking_area,3,4.49,103,0.0331,0.05,0.4846,0.8668,0.9816,45,True,True
P0085,Busan,Busan Cafe 1,food,cafe,35.129984,128.990212,A cafe experience in Busan with food focus.,cafe|food|public_transport,2,3.89,114,0.3817,0.43,0.4432,0.8763,0.7902,150,True,True
P0086,Busan,Busan Street Food 2,food,street_food,35.197419,129.14211,A street food experience in Busan with food focus.,accessible|child_friendly|family|food|street_food,3,4.23,600,0.6597,0.6694,0.9623,0.7175,0.8107,45,True,True
P0087,Busan,Busan Restaurant 3,food,restaurant,35.145825,128.987116,A restaurant experience in Busan with food focus.,food|less_touristy|local|restaurant,4,3.5,1034,0.623,0.7977,0.5564,0.515,0.7509,150,False,True
P0088,Busan,Busan Restaurant 4,food,restaurant,35.130043,129.162262,A restaurant experience in Busan with food focus.,food|restaurant,2,4.34,429,0.4642,0.646,0.2845,0.4783,0.5925,150,False,True
P0089,Busan,Busan Market 5,food,market,35.125529,129.090803,A market experience in Busan with food focus.,accessible|famous|food|landmark|market,1,3.75,36,0.7761,0.1103,0.533,0.5669,0.8849,60,True,True
P0090,Busan,Busan Street Food 6,food,street_food,35.114212,129.036948,A street food experience in Busan with food focus.,food|public_transport|street_food,1,4.36,279,0.1067,0.6708,0.2995,0.9461,0.5041,90,False,True
P0091,Busan,Busan Cafe 7,food,cafe,35.179476,129.120442,A cafe experience in Busan with food focus.,cafe|child_friendly|family|food,1,4.57,172,0.2301,0.3316,0.8068,0.5004,0.4813,75,True,True
P0092,Busan,Busan Market 8,food,market,35.180204,129.15458,A market experience in Busan with food focus.,famous|food|landmark|market,1,4.31,191,0.9626,0.5516,0.6551,0.5412,0.5891,90,True,True
P0093,Busan,Busan Street Food 9,food,street_food,35.202025,129.05797,A street food experience in Busan with food focus.,famous|food|landmark|public_transport|street_food,3,4.74,827,0.8346,0.0664,0.6877,0.893,0.5027,180,False,True
P0094,Busan,Busan Market 10,food,market,35.080071,129.101415,A market experience in Busan with food focus.,child_friendly|family|food|less_touristy|local|market,3,4.75,2982,0.6445,0.7396,0.9032,0.6447,0.4733,150,False,True
P0095,Busan,Busan Restaurant 11,food,restaurant,35.247684,129.091379,A restaurant experience in Busan with food focus.,food|restaurant,1,4.49,1903,0.6438,0.6011,0.5599,0.4488,0.556,45,False,True
P0096,Busan,Busan Restaurant 12,food,restaurant,35.19123,129.045239,A restaurant experience in Busan with food focus.,food|restaurant,2,4.27,348,0.2066,0.2108,0.1871,0.517,0.5487,90,False,True
P0097,Busan,Busan Heritage 1,history,heritage,35.311197,129.017444,A heritage experience in Busan with history focus.,heritage|history|less_touristy|local,2,4.2,182,0.4013,0.8429,0.5705,0.5584,0.5146,150,False,True
P0098,Busan,Busan Monument 2,history,monument,35.265718,129.103576,A monument experience in Busan with history focus.,history|monument|public_transport,3,3.4,109,0.4128,0.2628,0.7166,0.8298,0.4217,180,False,True
P0099,Busan,Busan Monument 3,history,monument,35.191198,129.065908,A monument experience in Busan with history focus.,child_friendly|family|history|monument,1,4.45,935,0.2076,0.6469,0.8637,0.5738,0.6169,90,True,True
P0100,Busan,Busan Heritage 4,history,heritage,35.107994,129.170608,A heritage experience in Busan with history focus.,heritage|history,2,4.44,1005,0.3739,0.5418,0.4503,0.6599,0.7765,60,True,True
P0101,Busan,Busan Palace 5,history,palace,35.220858,129.123559,A palace experience in Busan with history focus.,accessible|famous|history|landmark|less_touristy|local|palace,3,4.44,25,0.8643,0.7177,0.1937,0.2157,0.8272,90,False,True
P0102,Busan,Busan Palace 6,history,palace,35.184796,129.076194,A palace experience in Busan with history focus.,history|palace,3,4.58,236,0.6526,0.5003,0.4777,0.6693,0.7498,45,False,False
P0103,Busan,Busan Heritage 7,history,heritage,35.159556,129.052472,A heritage experience in Busan with history focus.,heritage|history|public_transport,2,4.24,4041,0.1138,0.2121,0.432,0.8041,0.4058,60,False,True
P0104,Busan,Busan Palace 8,history,palace,35.245399,129.079747,A palace experience in Busan with history focus.,child_friendly|family|history|palace,3,3.53,5187,0.3957,0.5352,0.7598,0.7063,0.3444,180,False,True
P0105,Busan,Busan Heritage 9,history,heritage,35.207658,129.159712,A heritage experience in Busan with history focus.,heritage|history,3,3.64,935,0.2294,0.5757,0.4331,0.6148,0.4461,120,False,True
P0106,Busan,Busan Palace 10,history,palace,35.143125,129.039177,A palace experience in Busan with history focus.,history|less_touristy|local|palace|public_transport,3,3.63,1678,0.1404,0.8908,0.371,0.7578,0.5943,180,False,False
P0107,Busan,Busan Monument 11,history,monument,35.191936,129.005588,A monument experience in Busan with history focus.,history|less_touristy|local|monument,1,4.71,662,0.1488,0.8193,0.2478,0.61,0.6156,150,True,True
P0108,Busan,Busan Museum 12,history,museum,35.115268,129.117117,A museum experience in Busan with history focus.,accessible|history|museum,2,4.53,106,0.4887,0.2639,0.4711,0.3772,0.9154,45,False,True
P0109,Busan,Busan Craft 1,culture,craft,35.105649,129.032466,A craft experience in Busan with culture focus.,craft|culture|less_touristy|local|public_transport,1,4.33,20,0.4513,0.9051,0.195,0.7827,0.4403,75,False,True
P0110,Busan,Busan Gallery 2,culture,gallery,35.287737,128.990469,A gallery experience in Busan with culture focus.,culture|gallery,2,4.07,206,0.6149,0.2013,0.1982,0.319,0.5871,75,False,True
P0111,Busan,Busan Gallery 3,culture,gallery,35.211052,129.007977,A gallery experience in Busan with culture focus.,culture|gallery|public_transport,4,3.53,185,0.5885,0.2745,0.6376,0.8738,0.5673,120,False,True
P0112,Busan,Busan Craft 4,culture,craft,35.142648,129.058232,A craft experience in Busan with culture focus.,craft|culture,4,3.69,60,0.3634,0.5022,0.5779,0.6372,0.5349,90,False,True
P0113,Busan,Busan Craft 5,culture,craft,35.115705,129.025805,A craft experience in Busan with culture focus.,accessible|craft|culture,3,4.3,150,0.3071,0.5316,0.29,0.5614,0.8991,150,False,True
P0114,Busan,Busan Gallery 6,culture,gallery,35.220785,129.038929,A gallery experience in Busan with culture focus.,child_friendly|culture|family|gallery,3,3.79,330,0.3012,0.3525,0.8578,0.3269,0.792,180,False,True
P0115,Busan,Busan Performance 7,culture,performance,35.167086,129.089636,A performance experience in Busan with culture focus.,culture|performance,1,3.56,34,0.4718,0.3083,0.6433,0.4887,0.7618,120,False,True
P0116,Busan,Busan Craft 8,culture,craft,35.114239,129.134132,A craft experience in Busan with culture focus.,accessible|craft|culture,1,4.83,101,0.6462,0.3145,0.6943,0.6994,0.9806,45,False,True
P0117,Busan,Busan Craft 9,culture,craft,35.168245,129.131962,A craft experience in Busan with culture focus.,accessible|craft|culture|public_transport,2,4.12,138,0.4426,0.5513,0.4322,0.8152,0.9092,45,False,True
P0118,Busan,Busan Gallery 10,culture,gallery,35.19363,129.043041,A gallery experience in Busan with culture focus.,accessible|culture|gallery,2,4.48,543,0.6486,0.2694,0.6674,0.693,0.8732,75,False,True
P0119,Busan,Busan Craft 11,culture,craft,35.242816,129.07314,A craft experience in Busan with culture focus.,accessible|craft|culture|less_touristy|local|public_transport,2,3.53,118,0.0382,0.7844,0.5529,0.8688,0.9287,75,False,True
P0120,Busan,Busan Gallery 12,culture,gallery,35.157615,129.171499,A gallery experience in Busan with culture focus.,culture|gallery|public_transport,1,4.56,187,0.3799,0.3006,0.4592,0.8493,0.6932,120,False,True
P0121,Busan,Busan River 1,nature,river,35.155185,129.047761,A river experience in Busan with nature focus.,nature|river,3,4.04,21,0.136,0.5773,0.559,0.7033,0.5157,120,False,True
P0122,Busan,Busan Garden 2,nature,garden,35.166025,129.10244,A garden experience in Busan with nature focus.,garden|nature|public_transport,1,4.62,379,0.6697,0.6102,0.6899,0.9612,0.7345,180,False,True
P0123,Busan,Busan River 3,nature,river,35.128542,129.102313,A river experience in Busan with nature focus.,accessible|child_friendly|family|nature|river,1,4.88,82,0.5737,0.1251,0.7201,0.5649,0.8734,150,False,True
P0124,Busan,Busan Park 4,nature,park,35.120546,128.980637,A park experience in Busan with nature focus.,nature|park,1,4.08,1806,0.722,0.3135,0.5056,0.6726,0.715,150,False,True
P0125,Busan,Busan Garden 5,nature,garden,35.185932,129.127543,A garden experience in Busan with nature focus.,garden|nature,2,4.15,573,0.4017,0.2307,0.4647,0.2402,0.2137,180,False,True
P0126,Busan,Busan Park 6,nature,park,35.161509,129.052426,A park experience in Busan with nature focus.,accessible|nature|park|public_transport,1,4.55,390,0.2303,0.5512,0.2882,0.8452,0.8925,90,False,True
P0127,Busan,Busan Garden 7,nature,garden,35.209874,129.0036,A garden experience in Busan with nature focus.,accessible|garden|less_touristy|local|nature,2,4.12,5920,0.4978,0.7799,0.5889,0.1888,0.9206,60,False,True
P0128,Busan,Busan Park 8,nature,park,35.166206,129.148317,A park experience in Busan with nature focus.,nature|park,4,3.88,181,0.2534,0.6699,0.5338,0.6764,0.7709,90,False,True
P0129,Busan,Busan Trail 9,nature,trail,35.20076,129.002803,A trail experience in Busan with nature focus.,nature|trail,4,3.6,348,0.6714,0.1214,0.1117,0.6349,0.7394,180,False,True
P0130,Busan,Busan Park 10,nature,park,35.085875,129.126577,A park experience in Busan with nature focus.,nature|park,4,3.68,36,0.5439,0.0898,0.5117,0.7026,0.7464,120,True,True
P0131,Busan,Busan River 11,nature,river,35.215076,129.1886,A river experience in Busan with nature focus.,famous|landmark|nature|river,3,3.64,215,0.758,0.3858,0.6,0.5148,0.624,120,False,True
P0132,Busan,Busan Garden 12,nature,garden,35.17746,129.111081,A garden experience in Busan with nature focus.,garden|nature,3,3.68,34,0.2633,0.485,0.2343,0.7076,0.7333,90,False,True
P0133,Busan,Busan Zoo 1,family,zoo,35.253101,129.088654,A zoo experience in Busan with family focus.,child_friendly|family|less_touristy|local|public_transport|zoo,2,4.65,1288,0.5446,0.8332,0.75,0.8194,0.678,75,False,True
P0134,Busan,Busan Playground 2,family,playground,35.170314,128.988593,A playground experience in Busan with family focus.,child_friendly|family|playground,1,4.17,33,0.5267,0.104,0.75,0.5292,0.5935,150,False,True
P0135,Busan,Busan Science 3,family,science,35.072969,129.002874,A science experience in Busan with family focus.,child_friendly|family|famous|landmark|science,4,4.81,4810,0.855,0.2832,0.75,0.1376,0.5976,75,True,True
P0136,Busan,Busan Aquarium 4,family,aquarium,35.195047,129.078141,A aquarium experience in Busan with family focus.,aquarium|child_friendly|family|less_touristy|local|public_transport,2,4.02,95,0.1574,0.8216,0.75,0.8424,0.7005,150,True,True
P0137,Busan,Busan Aquarium 5,family,aquarium,35.2291,129.035619,A aquarium experience in Busan with family focus.,aquarium|child_friendly|family|less_touristy|local,4,4.22,93,0.3746,0.6919,0.75,0.4319,0.7957,45,False,True
P0138,Busan,Busan Zoo 6,family,zoo,35.209635,129.135576,A zoo experience in Busan with family focus.,child_friendly|family|less_touristy|local|zoo,4,4.31,70,0.619,0.8136,0.75,0.5996,0.5679,75,False,False
P0139,Busan,Busan Science 7,family,science,35.167464,129.092161,A science experience in Busan with family focus.,child_friendly|family|science,4,4.1,5186,0.6387,0.3587,0.75,0.2382,0.7085,60,False,True
P0140,Busan,Busan Science 8,family,science,35.117713,129.022388,A science experience in Busan with family focus.,child_friendly|family|less_touristy|local|science,1,4.7,181,0.31,0.8151,0.75,0.7003,0.4034,90,False,True
P0141,Busan,Busan Science 9,family,science,35.180168,129.05315,A science experience in Busan with family focus.,child_friendly|family|science,2,3.54,30,0.5515,0.2763,0.75,0.6407,0.7246,180,False,True
P0142,Busan,Busan Science 10,family,science,35.247568,129.034039,A science experience in Busan with family focus.,accessible|child_friendly|family|famous|landmark|science,2,3.64,235,0.8334,0.4704,0.75,0.6641,0.8215,90,False,False
P0143,Busan,Busan Aquarium 11,family,aquarium,35.106977,128.952569,A aquarium experience in Busan with family focus.,accessible|aquarium|child_friendly|family|public_transport,1,3.54,265,0.6234,0.3782,0.75,0.8556,0.9569,150,False,True
P0144,Busan,Busan Zoo 12,family,zoo,35.185935,129.058861,A zoo experience in Busan with family focus.,child_friendly|family|zoo,2,4.59,4431,0.5143,0.6181,0.75,0.5164,0.6445,180,False,True
P0145,Busan,Busan Souvenir 1,shopping,souvenir,35.122157,129.041607,A souvenir experience in Busan with shopping focus.,accessible|public_transport|shopping|souvenir,1,4.22,258,0.6306,0.3597,0.3608,0.8704,0.8381,120,False,True
P0146,Busan,Busan Souvenir 2,shopping,souvenir,35.212704,129.038267,A souvenir experience in Busan with shopping focus.,accessible|public_transport|shopping|souvenir,4,3.95,95,0.6317,0.284,0.3207,0.761,0.9098,90,False,True
P0147,Busan,Busan Mall 3,shopping,mall,35.104987,128.990763,A mall experience in Busan with shopping focus.,less_touristy|local|mall|public_transport|shopping,1,4.49,3701,0.2553,0.7504,0.3563,0.8641,0.7754,90,False,True
P0148,Busan,Busan Design Store 4,shopping,design_store,35.182956,129.124518,A design store experience in Busan with shopping focus.,accessible|child_friendly|design_store|family|shopping,1,3.43,352,0.5864,0.4817,0.7398,0.4583,0.9347,90,False,False
P0149,Busan,Busan Mall 5,shopping,mall,35.15315,129.05384,A mall experience in Busan with shopping focus.,accessible|mall|shopping,2,4.36,82,0.449,0.4947,0.6764,0.4003,0.8601,120,False,True
P0150,Busan,Busan Local Market 6,shopping,local_market,35.160258,129.118266,A local market experience in Busan with shopping focus.,accessible|local_market|shopping,2,4.23,2352,0.2947,0.2917,0.0919,0.6309,0.9029,150,False,True
P0151,Busan,Busan Souvenir 7,shopping,souvenir,35.198837,129.071678,A souvenir experience in Busan with shopping focus.,less_touristy|local|public_transport|shopping|souvenir,1,4.43,56,0.3985,0.7117,0.2339,0.818,0.4325,75,False,True
P0152,Busan,Busan Local Market 8,shopping,local_market,35.237483,129.100681,A local market experience in Busan with shopping focus.,local_market|public_transport|shopping,2,3.43,61,0.1772,0.1554,0.5355,0.8385,0.1165,150,False,True
P0153,Busan,Busan Design Store 9,shopping,design_store,35.201574,129.055382,A design store experience in Busan with shopping focus.,design_store|public_transport|shopping,2,4.01,2650,0.642,0.5546,0.4825,0.9542,0.6997,180,False,True
P0154,Busan,Busan Mall 10,shopping,mall,35.172281,129.068995,A mall experience in Busan with shopping focus.,child_friendly|family|mall|public_transport|shopping,2,3.42,40,0.3044,0.238,0.9211,0.8272,0.4557,75,False,True
P0155,Busan,Busan Mall 11,shopping,mall,35.132931,129.017927,A mall experience in Busan with shopping focus.,mall|shopping,3,3.5,298,0.2631,0.447,0.293,0.7102,0.3698,45,False,True
P0156,Busan,Busan Souvenir 12,shopping,souvenir,35.169474,129.005681,A souvenir experience in Busan with shopping focus.,accessible|public_transport|shopping|souvenir,4,4.52,39,0.2714,0.3837,0.2624,0.8444,0.8589,180,False,True
P0157,Busan,Busan Waterfront 1,neighborhood,waterfront,35.143328,129.167866,A waterfront experience in Busan with neighborhood focus.,neighborhood|waterfront,3,4.54,385,0.598,0.5246,0.5911,0.2005,0.7877,60,False,True
P0158,Busan,Busan Village 2,neighborhood,village,35.186006,129.024273,A village experience in Busan with neighborhood focus.,child_friendly|family|neighborhood|village,2,4.17,113,0.244,0.3153,0.98,0.1786,0.6283,45,False,True
P0159,Busan,Busan Local Alley 3,neighborhood,local_alley,35.099051,129.019102,A local alley experience in Busan with neighborhood focus.,accessible|local_alley|neighborhood,1,3.97,326,0.4738,0.5948,0.5749,0.6288,0.9785,60,False,True
P0160,Busan,Busan Village 4,neighborhood,village,35.286562,129.09279,A village experience in Busan with neighborhood focus.,neighborhood|public_transport|village,1,4.2,77,0.6596,0.4505,0.2366,0.9536,0.5252,120,False,True
P0161,Busan,Busan Local Alley 5,neighborhood,local_alley,35.176549,128.982231,A local alley experience in Busan with neighborhood focus.,accessible|child_friendly|family|local_alley|neighborhood,4,4.09,42,0.275,0.4672,0.8421,0.5905,0.8085,90,False,True
P0162,Busan,Busan Local Alley 6,neighborhood,local_alley,35.284537,129.122233,A local alley experience in Busan with neighborhood focus.,local_alley|neighborhood|public_transport,3,3.88,833,0.1898,0.6181,0.3747,0.8422,0.7131,150,False,True
P0163,Busan,Busan Walking Area 7,neighborhood,walking_area,35.239348,129.041666,A walking area experience in Busan with neighborhood focus.,less_touristy|local|neighborhood|walking_area,1,3.44,1107,0.0484,0.82,0.2703,0.7106,0.7443,120,False,True
P0164,Busan,Busan Waterfront 8,neighborhood,waterfront,35.129908,129.035161,A waterfront experience in Busan with neighborhood focus.,less_touristy|local|neighborhood|public_transport|waterfront,2,4.37,3088,0.2109,0.6834,0.3163,0.8087,0.7436,180,False,True
P0165,Busan,Busan Waterfront 9,neighborhood,waterfront,35.083965,129.017507,A waterfront experience in Busan with neighborhood focus.,accessible|neighborhood|waterfront,2,3.83,43,0.7315,0.6763,0.346,0.3775,0.9048,90,False,True
P0166,Busan,Busan Village 10,neighborhood,village,35.03143,129.143956,A village experience in Busan with neighborhood focus.,neighborhood|public_transport|village,2,4.89,3767,0.1168,0.5696,0.6741,0.9763,0.3566,60,False,True
P0167,Busan,Busan Local Alley 11,neighborhood,local_alley,35.173958,129.165919,A local alley experience in Busan with neighborhood focus.,accessible|child_friendly|family|local_alley|neighborhood,4,3.82,863,0.2339,0.5054,0.8199,0.0607,0.8027,120,False,False
P0168,Busan,Busan Walking Area 12,neighborhood,walking_area,35.221242,129.123379,A walking area experience in Busan with neighborhood focus.,neighborhood|walking_area,4,3.96,42,0.2433,0.4053,0.4014,0.7345,0.5511,75,False,True
