traveler_id,destination,trip_duration_days,interests,budget_level,party_type,mobility,explicit_preferences,archetype
U001,Busan,4,food|neighborhood,3,solo,public_transport,less_touristy|local,food_local
U002,Seoul,4,history|culture,3,couple,public_transport,famous|architecture,history
U003,Seoul,2,family|nature,1,family,car,child_friendly|accessible,family
U004,Busan,7,culture|history,2,solo,walking,local|craft,culture
U005,Seoul,4,nature|neighborhood,1,couple,walking,less_touristy|outdoor,nature
U006,Seoul,2,shopping|food,3,friends,public_transport,local|market,shopping_food
U007,Busan,4,food|neighborhood,1,solo,public_transport,less_touristy|local,food_local
U008,Seoul,4,history|culture,3,couple,public_transport,famous|architecture,history
U009,Seoul,3,family|nature,2,family,car,child_friendly|accessible,family
U010,Busan,6,culture|history,1,solo,walking,local|craft,culture
U011,Seoul,7,nature|neighborhood,1,couple,walking,less_touristy|outdoor,nature
U012,Seoul,6,shopping|food,2,friends,public_transport,local|market,shopping_food
U013,Busan,6,food|neighborhood,2,solo,public_transport,less_touristy|local,food_local
U014,Seoul,6,history|culture,4,couple,public_transport,famous|architecture,history
U015,Seoul,3,family|nature,1,family,car,child_friendly|accessible,family
U016,Busan,2,culture|history,2,solo,walking,local|craft,culture
U017,Seoul,6,nature|neighborhood,1,couple,walking,less_touristy|outdoor,nature
U018,Seoul,2,shopping|food,2,friends,public_transport,local|market,shopping_food
U019,Busan,4,food|neighborhood,3,solo,public_transport,less_touristy|local,food_local
U020,Seoul,2,history|culture,3,couple,public_transport,famous|architecture,history
U021,Seoul,5,family|nature,1,family,car,child_friendly|accessible,family
U022,Busan,7,culture|history,3,solo,walking,local|craft,culture
U023,Seoul,4,nature|neighborhood,2,couple,walking,less_touristy|outdoor,nature
U024,Seoul,6,shopping|food,4,friends,public_transport,local|market,shopping_food
U025,Busan,3,food|neighborhood,1,solo,public_transport,less_touristy|local,food_local
U026,Seoul,4,history|culture,2,couple,public_transport,famous|architecture,history
U027,Seoul,3,family|nature,2,family,car,child_friendly|accessible,family
U028,Busan,5,culture|history,1,solo,walking,local|craft,culture
U029,Seoul,2,nature|neighborhood,1,couple,walking,less_touristy|outdoor,nature
U030,Seoul,4,shopping|food,4,friends,public_transport,local|market,shopping_food
U031,Busan,4,food|neighborhood,1,solo,public_transport,less_touristy|local,food_local
U032,Seoul,5,history|culture,2,couple,public_transport,famous|architecture,history
U033,Seoul,3,family|nature,1,family,car,child_friendly|accessible,family
U034,Busan,5,culture|history,2,solo,walking,local|craft,culture
U035,Seoul,5,nature|neighborhood,1,couple,walking,less_touristy|outdoor,nature
U036,Seoul,4,shopping|food,4,friends,public_transport,local|market,shopping_food
U037,Busan,7,food|neighborhood,1,solo,public_transport,less_touristy|local,food_local
U038,Seoul,7,history|culture,2,couple,public_transport,famous|architecture,history
U039,Seoul,3,family|nature,2,family,car,child_friendly|accessible,family
U040,Busan,2,culture|history,2,solo,walking,local|craft,culture
U041,Seoul,3,nature|neighborhood,1,couple,walking,less_touristy|outdoor,nature
U042,Seoul,6,shopping|food,4,friends,public_transport,local|market,shopping_food
U043,Busan,3,food|neighborhood,2,solo,public_transport,less_touristy|local,food_local
U044,Seoul,4,history|culture,3,couple,public_transport,famous|architecture,history
U045,Seoul,5,family|nature,3,family,car,child_friendly|accessible,family
U046,Busan,4,culture|history,1,solo,walking,local|craft,culture
U047,Seoul,7,nature|neighborhood,2,couple,walking,less_touristy|outdoor,nature
U048,Seoul,3,shopping|food,3,friends,public_transport,local|market,shopping_food
U049,Busan,7,food|neighborhood,2,solo,public_transport,less_touristy|local,food_local
U050,Seoul,4,history|culture,4,couple,public_transport,famous|architecture,history
U051,Seoul,6,family|nature,2,family,car,child_friendly|accessible,family
U052,Busan,2,culture|history,2,solo,walking,local|craft,culture
U053,Seoul,6,nature|neighborhood,1,couple,walking,less_touristy|outdoor,nature
U054,Seoul,5,shopping|food,3,friends,public_transport,local|market,shopping_food
U055,Busan,2,food|neighborhood,2,solo,public_transport,less_touristy|local,food_local
U056,Seoul,6,history|culture,2,couple,public_transport,famous|architecture,history
U057,Seoul,5,family|nature,3,family,car,child_friendly|accessible,family
U058,Busan,2,culture|history,2,solo,walking,local|craft,culture
U059,Seoul,3,nature|neighborhood,1,couple,walking,less_touristy|outdoor,nature
U060,Seoul,5,shopping|food,2,friends,public_transport,local|market,shopping_food
U061,Busan,2,food|neighborhood,2,solo,public_transport,less_touristy|local,food_local
U062,Seoul,7,history|culture,2,couple,public_transport,famous|architecture,history
U063,Seoul,6,family|nature,1,family,car,child_friendly|accessible,family
U064,Busan,4,culture|history,2,solo,walking,local|craft,culture
U065,Seoul,4,nature|neighborhood,1,couple,walking,less_touristy|outdoor,nature
U066,Seoul,6,shopping|food,2,friends,public_transport,local|market,shopping_food
U067,Busan,6,food|neighborhood,2,solo,public_transport,less_touristy|local,food_local
U068,Seoul,5,history|culture,2,couple,public_transport,famous|architecture,history
U069,Seoul,5,family|nature,3,family,car,child_friendly|accessible,family
U070,Busan,7,culture|history,3,solo,walking,local|craft,culture
U071,Seoul,3,nature|neighborhood,1,couple,walking,less_touristy|outdoor,nature
U072,Seoul,4,shopping|food,4,friends,public_transport,local|market,shopping_food
U073,Busan,7,food|neighborhood,3,solo,public_transport,less_touristy|local,food_local
U074,Seoul,2,history|culture,2,couple,public_transport,famous|architecture,history
U075,Seoul,6,family|nature,3,family,car,child_friendly|accessible,family
U076,Busan,4,culture|history,1,solo,walking,local|craft,culture
U077,Seoul,2,nature|neighborhood,2,couple,walking,less_touristy|outdoor,nature
U078,Seoul,4,shopping|food,3,friends,public_transport,local|market,shopping_food
U079,Busan,6,food|neighborhood,1,solo,public_transport,less_touristy|local,food_local
U080,Seoul,6,history|culture,2,couple,public_transport,famous|architecture,history
U081,Seoul,7,family|nature,3,family,car,child_friendly|accessible,family
U082,Busan,5,culture|history,1,solo,walking,local|craft,culture
U083,Seoul,3,nature|neighborhood,1,couple,walking,less_touristy|outdoor,nature
U084,Seoul,7,shopping|food,2,friends,public_transport,local|market,shopping_food
U085,Busan,4,food|neighborhood,2,solo,public_transport,less_touristy|local,food_local
U086,Seoul,6,history|culture,4,couple,public_transport,famous|architecture,history
U087,Seoul,5,family|nature,3,family,car,child_friendly|accessible,family
U088,Busan,5,culture|history,2,solo,walking,local|craft,culture
U089,Seoul,2,nature|neighborhood,1,couple,walking,less_touristy|outdoor,nature
U090,Seoul,4,shopping|food,2,friends,public_transport,local|market,shopping_food
